{"main":{"language":"en","lastHostname":"192.168.0.10","darkTheme":true,"useBinaryPrefix":true,"disableAutoComplete":false,"settingsStorageLocal":false,"settingsSaveDelay":2000,"cacheStorageLocal":true,"cacheSaveDelay":4000,"notifications":{"errorsPersistent":true,"timeout":5000},"webcam":{"url":"","updateInterval":5000,"liveUrl":"","useFix":false,"embedded":false,"rotation":0,"flip":"none"},"enabledPlugins":["Height Map","GCodeViewer","ObjectModelBrowser","G-Code Viewer","Object Model Browser"],"plugins":{}},"machine":{"ajaxRetries":2,"updateInterval":250,"extendedUpdateEvery":20,"fileTransferRetryThreshold":358400,"crcUploads":true,"pingInterval":2000,"updateDelay":0,"babystepAmount":0.02,"codes":["G1 X0","G1 X0 F12000","G1 X0 F18000","G1 X10 F18000","G1 X155 F12000","G4 S60","M0","M1","M106 p2 s0","M106 p2 s255","M106 p2 s50","M117 HUEHUEHE","M117 eheuheuehuehuehe","M117 eheuheuehuehueheuhuehuehuehe","M117 impressão finalizada","M117 oi eu sou goku","M150 P0","M150 U0 R0 B0 S2","M150 X2 R0 U0 Y20 S2","M150 X2 R0 U255 Y5","M150 X2 R128 U255 Y5","M150 X2 R255 U0 Y20","M150 X2 R255 U0 Y5","M150 X2 U128 R255 Y10","M150 X2 U128 R255 Y15","M150 X2 U128 R255 Y31","M150 X2 U128 R255 Y5","M150 X2 Y10","M150 X2 Y15","M150 X2 Y30","M150 X2 Y31","M150 Y10","M84","M906","M906 E600","M98 P\"/Macros/CoresDisplay/Azul\"","M98 P\"/Macros/CoresDisplay/desligarencoder\"","M98 P\"/macros/CoresDisplay/branco\"","M98 P\"/macros/CoresDisplay/desligarencoder\"","T0","g1 z0","g1 z10 f100","g1 z10 f200","g1 z10.08 f100","g1 z10.1 f100","g1 z10.2 f100","g1 z5 f200","m401","m409","m486","m564 h0 s0","m564 h1 s1","m84","m915 X Y","m915 X Y s-15","m915 X Y s-17","m915 X Y s-20","m915 X Y s-30","m915 Y s-17","m915 Y s-20","m92 Z407","m92 Z408","m92 z327","m92 z328"],"displayedExtraTemperatures":[2,3],"displayedExtruders":[0,1],"displayedFans":[-1,0,1,2],"moveSteps":{"X":[100,50,10,1,0.1],"Y":[100,50,10,1,0.1],"Z":[50,25,5,0.5,0.05],"default":[100,50,10,1,0.1]},"moveFeedrate":6000,"extruderAmounts":[100,50,20,10,5,1],"extruderFeedrates":[60,30,15,5,1],"temperatures":{"tool":{"active":[250,235,220,205,195,160,120,100,0],"standby":[210,180,160,140,0]},"bed":{"active":[110,100,90,70,65,60,0],"standby":[40,30,0]},"chamber":[90,80,70,60,50,40,0]},"spindleRPM":[10000,75000,5000,2500,1000,0],"enabledPlugins":[],"plugins":{}}}